PlayerID,PlayerName,TeamID,Position,Age,Nationality
1,Brenden Aaronson,11,"MF,FW",24,us USA
2,Jerome Abbey,20,MF,15,eng ENG
3,Zach Abbott,16,DF,19,eng ENG
4,Tammy Abraham,2,FW,27,eng ENG
5,Joshua Acheampong,7,DF,19,eng ENG
6,Tyler Adams,3,MF,26,us USA
7,Tosin Adarabioyo,7,DF,27,eng ENG
8,Simon Adingra,17,"MF,FW",23,ci CIV
9,Amine Adli,3,MF,25,ma MAR
10,Emmanuel Agbadou,20,DF,28,ci CIV
11,Nayef Aguerd,19,DF,29,ma MAR
12,Ola Aina,16,DF,28,ng NGA
13,Rayan Aït-Nouri,13,DF,24,dz ALG
14,Kristoffer Ajer,4,DF,27,no NOR
15,Nathan Aké,13,DF,30,nl NED
16,Carlos Alcaraz,9,MF,22,ar ARG
17,Omar Alderete,17,DF,28,py PAR
18,Alisson,12,GK,32,br BRA
19,Max Alleyne,13,DF,20,eng ENG
20,Jaydon Amauri Banel,6,"FW,MF",20,nl NED
21,Zeki Amdouni,6,"FW,MF",24,ch SUI
22,Ethan Ampadu,11,MF,24,wls WAL
23,Joachim Andersen,10,DF,29,dk DEN
24,Elliot Anderson,16,MF,22,eng ENG
25,André,20,MF,24,br BRA
26,Nilson Angulo,17,MF,22,ec ECU
27,Jaidon Anthony,6,MF,25,eng ENG
28,Alphonse Areola,19,GK,32,fr FRA
29,Jhon Arias,20,"FW,MF",27,co COL
30,Adam Armstrong,20,"FW,MF",28,eng ENG
31,Harrison Armstrong,9,MF,18,eng ENG
32,Tolu Arokodare,20,FW,24,ng NGA
33,Kepa Arrizabalaga,1,GK,30,es ESP
34,Taiwo Awoniyi,16,FW,27,ng NGA
35,Yasin Ayari,5,MF,21,se SWE
36,Benoît Badiashile,7,DF,24,fr FRA
37,Leon Bailey,2,MF,27,jm JAM
38,Dilane Bakwa,16,MF,22,fr FRA
39,Carlos Baleba,5,MF,21,cm CMR
40,Daniel Ballard,17,DF,25,nir NIR
41,Ross Barkley,2,MF,31,eng ENG
42,Ashley Barnes,6,"FW,MF",35,eng ENG
43,Harvey Barnes,15,"FW,MF",27,eng ENG
44,Thierno Barry,9,FW,22,fr FRA
45,Calvin Bassey,10,DF,25,ng NGA
46,Altay Bayındır,14,GK,27,tr TUR
47,Jean-Ricner Bellegarde,20,"MF,FW",27,ht HAI
48,Walter Benítez,8,GK,32,ar ARG
49,Rodrigo Bentancur,18,MF,28,uy URU
50,Daniel Bentley,20,GK,32,eng ENG
51,Sander Berge,10,MF,27,no NOR
52,Lucas Bergvall,18,MF,19,se SWE
53,Beto,9,FW,27,gw GNB
54,Jaka Bijol,11,DF,26,si SVN
55,Yves Bissouma,18,MF,28,ml MLI
56,Marco Bizot,2,GK,34,nl NED
57,Oscar Bobb,13,"MF,FW",22,no NOR
58,Oscar Bobb,10,MF,22,no NOR
59,Lamare Bogarde,2,"MF,DF",21,nl NED
60,Jayden Bogle,11,"MF,DF",25,eng ENG
61,Sebastiaan Bornauw,11,DF,26,be BEL
62,Olivier Boscagli,5,DF,27,fr FRA
63,Sven Botman,15,DF,25,nl NED
64,Jarrod Bowen,19,"MF,FW",28,eng ENG
65,Conor Bradley,12,DF,22,nir NIR
66,Jarrad Branthwaite,9,DF,23,eng ENG
67,Brian Brobbey,17,FW,23,nl NED
68,Armando Broja,6,FW,23,al ALB
69,David Brooks,3,MF,28,wls WAL
70,Jacob Bruun Larsen,6,"MF,FW",26,dk DEN
71,Emi Buendía,2,MF,28,ar ARG
72,Hugo Bueno,20,"MF,DF",22,es ESP
73,Santiago Bueno,20,DF,26,uy URU
74,Facundo Buonanotte,7,MF,20,ar ARG
75,Facundo Buonanotte,11,MF,20,ar ARG
76,Dan Burn,15,DF,33,eng ENG
77,Bradley Burrowes,2,MF,17,eng ENG
78,Jun'ai Byfield,18,DF,16,eng ENG
79,Sam Byram,11,"DF,MF",31,eng ENG
80,Moisés Caicedo,7,MF,23,ec ECU
81,Tom Cairney,10,MF,34,sct SCO
82,Riccardo Calafiori,1,DF,23,it ITA
83,Dominic Calvert-Lewin,11,FW,28,eng ENG
84,Jaydee Canvot,8,DF,19,fr FRA
85,Rio Cardines,8,MF,19,tt TRI
86,Fabio Carvalho,4,MF,22,pt POR
87,Casemiro,14,MF,33,br BRA
88,Matty Cash,2,DF,27,pl POL
89,Timothy Castagne,10,"DF,MF",29,be BEL
90,Valentín Castellanos,19,FW,26,ar ARG
91,Trevoh Chalobah,7,DF,26,eng ENG
92,Rayan Cherki,13,MF,21,fr FRA
93,Federico Chiesa,12,MF,27,it ITA
94,Tawanda Chirewa,20,MF,21,zw ZIM
95,Ryan Christie,3,MF,30,sct SCO
96,Samuel Chukwueze,10,MF,26,ng NGA
97,Dennis Cirkin,17,DF,23,lv LVA
98,Nathaniel Clyne,8,"MF,DF",34,eng ENG
99,Séamus Coleman,9,DF,36,ie IRL
100,Nathan Collins,4,DF,24,ie IRL
101,Levi Colwill,7,DF,22,eng ENG
102,Lewis Cook,3,"MF,DF",28,eng ENG
103,Diego Coppola,5,DF,21,it ITA
104,Marc Cucurella,7,DF,27,es ESP
105,Jorge Cuenca,10,DF,25,es ESP
106,Josh Cullen,6,MF,29,ie IRL
107,Jair Cunha,16,DF,20,br BRA
108,Matheus Cunha,14,"MF,FW",26,br BRA
109,Diogo Dalot,14,"DF,MF",26,pt POR
110,Mikkel Damsgaard,4,MF,25,dk DEN
111,Kevin Danso,18,DF,26,at AUT
112,Karl Darlow,11,GK,34,wls WAL
113,Josh Dasilva,4,MF,26,eng ENG
114,Ben Davies,18,DF,32,wls WAL
115,Maxim De Cuyper,5,"DF,MF",24,be BEL
116,Liam Delap,7,FW,22,eng ENG
117,Sepp van den Berg,4,DF,23,nl NED
118,Jesse Derry,7,MF,18,eng ENG
119,Justin Devenny,8,"MF,FW",21,nir NIR
120,Kiernan Dewsbury-Hall,9,MF,26,eng ENG
121,Bafodé Diakité,3,DF,24,fr FRA
122,Amad Diallo,14,MF,23,ci CIV
123,Habib Diarra,17,MF,21,sn SEN
124,Rúben Dias,13,DF,28,pt POR
125,Tyler Dibling,9,MF,19,eng ENG
126,Lucas Digne,2,DF,32,fr FRA
127,Issa Diop,10,DF,28,ma MAR
128,El Hadji Malick Diouf,19,"DF,MF",20,sn SEN
129,Axel Disasi,19,DF,27,fr FRA
130,Matt Doherty,20,"DF,MF",33,ie IRL
131,Jeremy Doku,13,"MF,FW",23,be BEL
132,Nicolás Domínguez,16,MF,27,ar ARG
133,Gianluigi Donnarumma,13,GK,26,it ITA
134,Romelle Donovan,4,FW,18,eng ENG
135,Patrick Dorgu,14,MF,20,dk DEN
136,Max Dowman,1,MF,15,eng ENG
137,Radu Drăgușin,18,DF,23,ro ROU
138,Joél Drakes-Thomas,8,MF,16,eng ENG
139,Martin Dúbravka,6,GK,36,sk SVK
140,Lewis Dunk,5,DF,33,eng ENG
141,George Earthy,19,MF,20,eng ENG
142,Odsonne Édouard,8,FW,27,fr FRA
143,Tom Edozie,20,MF,19,eng ENG
144,Alysson Edward,2,MF,19,br BRA
145,Marcus Edwards,6,"MF,FW",26,eng ENG
146,Hjalmar Ekdal,6,DF,26,se SWE
147,Hugo Ekitike,12,FW,23,fr FRA
148,Anthony Elanga,15,"FW,MF",23,se SWE
149,Melker Ellborg,17,GK,22,se SWE
150,Harvey Elliott,12,"FW,MF",22,eng ENG
151,Harvey Elliott,2,MF,22,eng ENG
152,Wataru Endo,12,DF,32,jp JPN
153,Romain Esse,8,MF,20,eng ENG
154,Dario Essugo,7,MF,20,pt POR
155,Maxime Estève,6,DF,23,fr FRA
156,Evanilson,3,FW,25,br BRA
157,Eberechi Eze,8,MF,27,eng ENG
158,Eberechi Eze,1,"MF,FW",27,eng ENG
159,Bruno Fernandes,14,MF,30,pt POR
160,Mateus Fernandes,19,MF,21,pt POR
161,Enzo Fernández,7,MF,24,ar ARG
162,Zian Flemming,6,FW,26,nl NED
163,Jack Fletcher,14,MF,18,eng ENG
164,Tyler Fletcher,14,MF,18,sct SCO
165,Phil Foden,13,MF,25,eng ENG
166,Wesley Fofana,7,DF,24,fr FRA
167,Lyle Foster,6,"FW,MF",24,za RSA
168,Tyler Fredricson,14,DF,20,eng ENG
169,Jeremie Frimpong,12,"DF,MF",24,nl NED
170,Niclas Füllkrug,19,FW,32,de GER
171,Kaye Furo,4,FW,18,be BEL
172,Cody Gakpo,12,"MF,FW",26,nl NED
173,Conor Gallagher,18,MF,25,eng ENG
174,Idrissa Gana Gueye,9,MF,35,sn SEN
175,Ben Gannon-Doak,3,MF,19,sct SCO
176,Andrés García,2,DF,22,es ESP
177,Alejandro Garnacho,7,MF,21,ar ARG
178,James Garner,9,"MF,DF",24,eng ENG
179,Lutsharel Geertruida,17,"DF,MF",25,nl NED
180,Tyrique George,7,FW,19,eng ENG
181,Tyrique George,9,MF,19,eng ENG
182,Morgan Gibbs-White,16,MF,25,eng ENG
183,Jamie Gittens,7,MF,20,eng ENG
184,Wilfried Gnonto,11,FW,21,it ITA
185,Angel Gomes,20,"MF,FW",24,eng ENG
186,João Gomes,20,MF,24,br BRA
187,Rodrigo Gomes,20,"MF,FW",22,pt POR
188,Toti Gomes,20,DF,26,pt POR
189,Diego Gómez,5,"MF,FW",22,py PAR
190,Joe Gomez,12,DF,28,eng ENG
191,Nicolás González,13,MF,23,es ESP
192,Anthony Gordon,15,FW,24,eng ENG
193,Ryan Gravenberch,12,MF,23,nl NED
194,Archie Gray,18,"MF,DF",19,eng ENG
195,Jack Grealish,9,MF,29,eng ENG
196,Pascal Groß,5,MF,34,de GER
197,Brajan Gruda,5,MF,21,de GER
198,Ilia Gruev,11,MF,25,bg BUL
199,Gabriel Gudmundsson,11,"DF,MF",26,se SWE
200,Marc Guéhi,8,DF,25,eng ENG
201,Marc Guéhi,13,DF,25,eng ENG
202,Evann Guessand,8,MF,24,ci CIV
203,Evann Guessand,2,MF,24,ci CIV
204,Luis Guilherme,19,FW,19,br BRA
205,Bruno Guimarães,15,MF,27,br BRA
206,Marc Guiu,17,FW,19,es ESP
207,Marc Guiu,7,FW,19,es ESP
208,Angus Gunn,16,GK,29,sct SCO
209,Malo Gusto,7,"DF,MF",22,fr FRA
210,Joško Gvardiol,13,DF,23,hr CRO
211,Viktor Gyökeres,1,FW,27,se SWE
212,Erling Haaland,13,FW,25,no NOR
213,Lewis Hall,15,DF,20,eng ENG
214,Jack Harrison,11,FW,28,eng ENG
215,Quilindschy Hartman,6,DF,23,nl NED
216,Jorrel Hato,7,DF,19,nl NED
217,Kai Havertz,1,"FW,MF",26,de GER
218,Ayden Heaven,14,DF,18,eng ENG
219,Jan Paul van Hecke,5,DF,25,nl NED
220,Hwang Hee-chan,20,"FW,MF",29,kr KOR
221,George Hemmings,2,MF,18,eng ENG
222,Dean Henderson,8,GK,28,eng ENG
223,Jordan Henderson,4,MF,35,eng ENG
224,Rico Henry,4,DF,28,jm JAM
225,Mads Hermansen,19,GK,25,dk DEN
226,Aaron Hickey,4,"DF,MF",23,sct SCO
227,James Hill,3,DF,23,eng ENG
228,Piero Hincapié,1,DF,23,ec ECU
229,Jack Hinshelwood,5,MF,20,eng ENG
230,Ki-Jana Hoever,20,"MF,DF",23,nl NED
231,Harry Howell,5,MF,17,eng ENG
232,Callum Hudson-Odoi,16,MF,24,eng ENG
233,Will Hughes,8,MF,30,eng ENG
234,Trai Hume,17,"DF,MF",23,nir NIR
235,Bashir Humphreys,6,"DF,MF",22,eng ENG
236,Omari Hutchinson,16,MF,21,eng ENG
237,Igor,19,DF,27,br BRA
238,Tim Iroegbunam,9,MF,22,eng ENG
239,Andy Irving,19,MF,25,sct SCO
240,Alexander Isak,12,FW,25,se SWE
241,Wilson Isidor,17,FW,24,ht HAI
242,Alex Iwobi,10,MF,29,ng NGA
243,Daniel James,11,"FW,MF",27,wls WAL
244,Reece James,7,"DF,MF",25,eng ENG
245,Vitaly Janelt,4,MF,27,de GER
246,Mathias Jensen,4,MF,29,dk DEN
247,Gabriel Jesus,1,FW,28,br BRA
248,Igor Jesus,16,FW,24,br BRA
249,Álex Jiménez,3,"DF,MF",20,es ESP
250,Raúl Jiménez,10,FW,34,mx MEX
251,Jamaldeen Jimoh,2,MF,18,eng ENG
252,João Pedro,7,"FW,MF",23,br BRA
253,Joelinton,15,MF,28,br BRA
254,John,16,GK,29,br BRA
255,Brennan Johnson,18,"MF,FW",24,wls WAL
256,Brennan Johnson,8,"MF,FW",24,wls WAL
257,Sam Johnstone,20,GK,32,eng ENG
258,Curtis Jones,12,"MF,DF",24,eng ENG
259,Eli Junior Kroupi,3,"MF,FW",19,fr FRA
260,Hamed Junior Traorè,3,MF,25,ci CIV
261,James Justin,11,"DF,MF",27,eng ENG
262,Filip Jørgensen,7,GK,23,dk DEN
263,Ferdi Kadioglu,5,"DF,MF",25,tr TUR
264,Sasa Kalajdzic,20,"FW,MF",28,at AUT
265,Arnaud Kalimuendo,16,FW,23,fr FRA
266,Daichi Kamada,8,MF,28,jp JPN
267,Boubacar Kamara,2,MF,25,fr FRA
268,Mohamadou Kanté,19,MF,19,fr FRA
269,Michael Kayode,4,DF,21,it ITA
270,Michael Keane,9,DF,32,eng ENG
271,Caoimhín Kelleher,4,GK,26,ie IRL
272,Milos Kerkez,12,DF,21,hu HUN
273,Kevin,10,MF,22,br BRA
274,Abdukodir Khusanov,13,DF,21,uz UZB
275,Max Kilman,19,DF,28,eng ENG
276,Joshua King,10,MF,18,eng ENG
277,Antonín Kinský,18,GK,22,cz CZE
278,Justin Kluivert,3,MF,26,nl NED
279,Joe Knight,5,MF,19,eng ENG
280,Randal Kolo Muani,18,"FW,MF",26,fr FRA
281,Ibrahima Konaté,12,DF,26,fr FRA
282,Ezri Konsa,2,DF,27,eng ENG
283,Charalampos Kostoulas,5,FW,18,gr GRE
284,Mateo Kovačić,13,MF,31,hr CRO
285,Emil Krafth,15,DF,30,se SWE
286,Ladislav Krejčí,20,"DF,MF",26,cz CZE
287,Mohammed Kudus,18,"MF,FW",24,gh GHA
288,Jonah Kusi-Asare,10,FW,18,se SWE
289,Shea Lacey,14,FW,18,eng ENG
290,Maxence Lacroix,8,DF,25,fr FRA
291,Senne Lammens,14,GK,23,be BEL
292,Jamaal Lascelles,15,DF,31,eng ENG
293,Josh Laurent,6,"DF,MF",30,eng ENG
294,Roméo Lavia,7,MF,21,be BEL
295,Enzo Le Fée,17,"MF,FW",25,fr FRA
296,Bernd Leno,10,GK,33,de GER
297,Jefferson Lerma,8,"MF,DF",30,co COL
298,Rico Lewis,13,DF,20,eng ENG
299,Keane Lewis-Potter,4,"DF,MF",24,eng ENG
300,Myles Lewis-Skelly,1,"MF,DF",18,eng ENG
301,Matthijs de Ligt,14,DF,25,nl NED
302,Pedro Lima,20,MF,19,br BRA
303,Victor Lindelöf,2,"DF,MF",31,se SWE
304,Tino Livramento,15,DF,22,eng ENG
305,Sean Longstaff,11,MF,27,eng ENG
306,Fer López,20,MF,21,es ESP
307,Lucas,6,"MF,DF",24,br BRA
308,Lorenzo Lucca,16,FW,24,it ITA
309,Florentino Luís,6,MF,25,pt POR
310,Douglas Luiz,2,MF,27,br BRA
311,Douglas Luiz,16,MF,27,br BRA
312,Saša Lukić,10,MF,28,rs SRB
313,Ian Maatsen,2,DF,23,nl NED
314,Alexis Mac Allister,12,MF,26,ar ARG
315,James Maddison,18,"FW,MF",28,eng ENG
316,Noni Madueke,1,"FW,MF",23,eng ENG
317,Gabriel Magalhães,1,DF,27,br BRA
318,Soungoutou Magassa,19,MF,21,fr FRA
319,Harry Maguire,14,DF,32,eng ENG
320,Kobbie Mainoo,14,MF,20,eng ENG
321,Tyrell Malacia,14,DF,25,nl NED
322,Donyell Malen,2,"FW,MF",26,nl NED
323,Giorgi Mamardashvili,12,GK,24,ge GEO
324,Reinildo Mandava,17,DF,31,mz MOZ
325,Mateus Mane,20,MF,17,pt POR
326,Bendito Mantato,14,MF,17,eng ENG
327,Solly March,5,MF,31,eng ENG
328,Omar Marmoush,13,"FW,MF",26,eg EGY
329,Callum Marshall,19,FW,20,nir NIR
330,Gabriel Martinelli,1,"FW,MF",24,br BRA
331,Emiliano Martínez,2,GK,32,ar ARG
332,Lisandro Martínez,14,DF,27,ar ARG
333,Arthur Masuaku,17,DF,31,cd COD
334,Pape Matar Sarr,18,MF,22,sn SEN
335,Jean-Philippe Mateta,8,FW,28,fr FRA
336,Konstantinos Mavropanos,19,DF,27,gr GRE
337,Eliezer Mayenda,17,"FW,MF",20,es ESP
338,Ezra Mayers,19,DF,18,bb BRB
339,Noussair Mazraoui,14,"DF,MF",27,ma MAR
340,Bryan Mbeumo,14,"MF,FW",25,cm CMR
341,James Mcatee,16,MF,22,eng ENG
342,John McGinn,2,MF,30,sct SCO
343,Dwight McNeil,9,MF,25,eng ENG
344,Hannibal Mejbri,6,MF,22,tn TUN
345,Mikel Merino,1,"MF,FW",29,es ESP
346,Shumaira Mheuka,7,FW,17,eng ENG
347,Antoni Milambo,4,MF,20,nl NED
348,Nikola Milenković,16,DF,27,rs SRB
349,Lewis Miley,15,"MF,DF",19,eng ENG
350,James Milner,5,MF,39,eng ENG
351,Veljko Milosavljević,3,DF,18,rs SRB
352,Tyrone Mings,2,DF,32,eng ENG
353,Yankuba Minteh,5,MF,21,gm GAM
354,Tyrick Mitchell,8,MF,25,eng ENG
355,Kaoru Mitoma,5,"MF,FW",28,jp JPN
356,Morato,16,DF,24,br BRA
357,Cristhian Mosquera,1,DF,21,es ESP
358,Yerson Mosquera,20,DF,24,co COL
359,Mason Mount,14,MF,26,eng ENG
360,Divine Mukasa,13,MF,17,eng ENG
361,Nordi Mukiele,17,DF,27,fr FRA
362,Romaine Mundle,17,MF,22,eng ENG
363,Marshall Munetsi,20,"MF,FW",29,zw ZIM
364,Rodrigo Muniz,10,FW,24,br BRA
365,Daniel Muñoz,8,MF,29,co COL
366,Murillo,16,DF,23,br BRA
367,Alex Murphy,15,DF,21,ie IRL
368,Jacob Murphy,15,"FW,MF",30,eng ENG
369,Vitaliy Mykolenko,9,DF,26,ua UKR
370,David Møller Wolfe,20,"MF,DF",23,no NOR
371,Iliman Ndiaye,9,MF,25,sn SEN
372,Dan Ndoye,16,MF,24,ch SUI
373,Sean Neave,15,FW,18,eng ENG
374,Dan Neil,17,MF,23,eng ENG
375,Reiss Nelson,4,"FW,MF",25,eng ENG
376,Pedro Neto,7,"MF,FW",25,pt POR
377,Luca Netz,16,"DF,MF",22,de GER
378,Rio Ngumoha,12,MF,16,eng ENG
379,Eddie Nketiah,8,MF,26,eng ENG
380,Lukas Nmecha,11,FW,26,de GER
381,Matheus Nunes,13,DF,26,pt POR
382,Ethan Nwaneri,1,MF,18,eng ENG
383,Trey Nyoni,12,MF,18,eng ENG
384,Christian Nørgaard,1,MF,31,dk DEN
385,Jake O'Brien,9,DF,24,ie IRL
386,Luke O'Nien,17,DF,30,eng ENG
387,Matt O'Riley,5,MF,24,dk DEN
388,Wilson Odobert,18,"MF,FW",20,fr FRA
389,Noah Okafor,11,"FW,MF",25,ch SUI
390,Callum Olusesi,18,MF,18,eng ENG
391,Amadou Onana,2,MF,23,be BEL
392,Frank Onyeka,4,MF,27,ng NGA
393,Nehemiah Oriola,5,MF,18,eng ENG
394,Stefan Ortega,16,GK,32,de GER
395,William Osula,15,FW,21,dk DEN
396,Dango Ouattara,4,MF,23,bf BFA
397,Nico O’Reilly,13,"DF,MF",20,eng ENG
398,Pablo,19,"MF,FW",21,br BRA
399,João Palhinha,18,MF,30,pt POR
400,Cole Palmer,7,MF,23,eng ENG
401,Lucas Paquetá,19,"MF,FW",27,br BRA
402,Nathan Patterson,9,DF,23,sct SCO
403,Myles Peart-Harris,4,MF,22,eng ENG
404,Lucas Perri,11,GK,27,br BRA
405,Đorđe Petrović,3,GK,25,rs SRB
406,Jordan Pickford,9,GK,31,eng ENG
407,Ethan Pinnock,4,DF,32,jm JAM
408,Yeremi Pino,8,"MF,FW",22,es ESP
409,Joël Piroe,11,FW,25,sr SUR
410,Nick Pope,15,GK,33,eng ENG
411,Pedro Porro,18,DF,25,es ESP
412,Freddie Potts,19,MF,21,eng ENG
413,Aaron Ramsdale,15,GK,27,eng ENG
414,Jacob Ramsey,15,MF,24,eng ENG
415,David Raya,1,GK,29,es ESP
416,Rayan,3,MF,18,br BRA
417,Harrison Reed,10,MF,30,eng ENG
418,Tijjani Reijnders,13,MF,27,nl NED
419,Chadi Riad,8,DF,22,ma MAR
420,Declan Rice,1,MF,26,eng ENG
421,Chris Richards,8,DF,25,us USA
422,Richarlison,18,"FW,MF",28,br BRA
423,Chris Rigg,17,MF,18,eng ENG
424,Patrick Roberts,17,"FW,MF",28,eng ENG
425,Andrew Robertson,12,DF,31,sct SCO
426,Antonee Robinson,10,"DF,MF",27,us USA
427,Kaden Rodney,8,"DF,MF",20,eng ENG
428,Joe Rodon,11,DF,27,wls WAL
429,Rodri,13,MF,29,es ESP
430,Guido Rodríguez,19,MF,31,ar ARG
431,Robin Roefs,17,GK,22,nl NED
432,Morgan Rogers,2,MF,23,eng ENG
433,Merlin Röhl,9,MF,23,de GER
434,Cristian Romero,18,DF,27,ar ARG
435,James Rowswell,18,DF,19,eng ENG
436,Georginio Rutter,5,"MF,FW",23,fr FRA
437,José Sá,20,GK,32,pt POR
438,Noah Sadiki,17,MF,20,cd COD
439,Bukayo Saka,1,"FW,MF",23,eng ENG
440,Mohamed Salah,12,MF,33,eg EGY
441,William Saliba,1,DF,24,fr FRA
442,Robert Sánchez,7,GK,27,es ESP
443,Jadon Sancho,2,MF,25,eng ENG
444,Ibrahim Sangaré,16,MF,27,ci CIV
445,Andrey Santos,7,MF,21,br BRA
446,Ismaila Sarr,8,MF,27,sn SEN
447,Mamadou Sarr,7,DF,19,sn SEN
448,Sávio,13,MF,21,br BRA
449,Nicolò Savona,16,DF,22,it ITA
450,Oliver Scarles,19,"DF,MF",19,eng ENG
451,Dane Scarlett,18,FW,21,eng ENG
452,Kevin Schade,4,"MF,FW",23,de GER
453,Fabian Schär,15,DF,33,ch SUI
454,Alex Scott,3,MF,21,eng ENG
455,Jenson Seelt,17,DF,22,nl NED
456,Matz Sels,16,GK,33,be BEL
457,Antoine Semenyo,13,"MF,FW",25,gh GHA
458,Antoine Semenyo,3,MF,25,gh GHA
459,Marcos Senesi,3,DF,28,ar ARG
460,Benjamin Šeško,14,FW,22,si SVN
461,Ryan Sessegnon,10,"DF,MF",25,eng ENG
462,Luke Shaw,14,DF,30,eng ENG
463,Bernardo Silva,13,MF,30,pt POR
464,Jota Silva,16,FW,25,pt POR
465,Xavi Simons,18,"MF,FW",22,nl NED
466,Adam Smith,3,DF,34,eng ENG
467,Emile Smith Rowe,10,MF,25,eng ENG
468,Dominic Solanke,18,FW,27,eng ENG
469,Julio Soler,3,DF,20,ar ARG
470,Oliver Sonne,6,DF,24,pe PER
471,Borna Sosa,8,"DF,MF",27,hr CRO
472,Tomáš Souček,19,MF,30,cz CZE
473,Souza,18,MF,19,br BRA
474,Djed Spence,18,"DF,MF",24,eng ENG
475,Anton Stach,11,MF,26,de GER
476,John Stones,13,DF,31,eng ENG
477,Jørgen Strand Larsen,20,FW,25,no NOR
478,Jørgen Strand Larsen,8,FW,25,no NOR
479,Pascal Struijk,11,DF,25,nl NED
480,Crysencio Summerville,19,"MF,FW",23,nl NED
481,Dominik Szoboszlai,12,"MF,DF",24,hu HUN
482,Jocelin Ta Bi,17,MF,20,ci CIV
483,Chemsdine Talbi,17,"MF,FW",20,ma MAR
484,Ao Tanaka,11,MF,26,jp JPN
485,James Tarkowski,9,DF,32,eng ENG
486,Marcus Tavernier,3,MF,26,eng ENG
487,Loum Tchaouna,6,"MF,FW",21,fr FRA
488,Jackson Tchatchoua,20,"MF,DF",23,cm CMR
489,Mathys Tel,18,"MF,FW",20,fr FRA
490,Kenny Tete,10,DF,29,nl NED
491,Igor Thiago,4,FW,24,br BRA
492,Malick Thiaw,15,DF,23,de GER
493,Youri Tielemans,2,MF,28,be BEL
494,Jurriën Timber,1,DF,24,nl NED
495,Jean-Clair Todibo,19,DF,25,fr FRA
496,Sandro Tonali,15,MF,25,it ITA
497,Pau Torres,2,DF,28,es ESP
498,Alex Tóth,3,MF,19,hu HUN
499,James Trafford,13,GK,22,eng ENG
500,Adama Traoré,10,MF,29,es ESP
501,Adama Traoré,19,"FW,MF",29,es ESP
502,Bertrand Traoré,17,"MF,FW",29,bf BFA
503,Mike Trésor,6,"FW,MF",26,be BEL
504,Kieran Trippier,15,DF,34,eng ENG
505,Leandro Trossard,1,"FW,MF",30,be BEL
506,Adrien Truffert,3,DF,23,fr FRA
507,Axel Tuanzebe,6,DF,27,cd COD
508,Stefanos Tzimas,5,FW,19,gr GRE
509,Christantus Uche,8,FW,22,ng NGA
510,Destiny Udogie,18,"DF,MF",22,it ITA
511,Manuel Ugarte,14,MF,24,uy URU
512,Lesley Ugochukwu,6,MF,21,fr FRA
513,Enes Ünal,3,FW,28,tr TUR
514,Hákon Valdimarsson,4,GK,23,is ISL
515,Virgil van Dijk,12,DF,34,nl NED
516,Joël Veltman,5,DF,33,nl NED
517,Micky van de Ven,18,DF,24,nl NED
518,Bart Verbruggen,5,GK,22,nl NED
519,Guglielmo Vicario,18,GK,28,it ITA
520,Kyle Walker,6,"DF,MF",35,eng ENG
521,Kyle Walker-Peters,19,DF,28,eng ENG
522,Aaron Wan-Bissaka,19,"DF,MF",27,cd COD
523,James Ward-Prowse,19,MF,30,eng ENG
524,James Ward-Prowse,6,MF,30,eng ENG
525,Ollie Watkins,2,FW,29,eng ENG
526,Tom Watson,5,MF,19,eng ENG
527,Max Weiß,6,GK,21,de GER
528,Danny Welbeck,5,FW,34,eng ENG
529,Adam Wharton,8,MF,21,eng ENG
530,Ben White,1,DF,27,eng ENG
531,Mats Wieffer,5,DF,25,nl NED
532,Neco Williams,16,DF,24,wls WAL
533,Estêvão Willian,7,MF,18,br BRA
534,Joe Willock,15,MF,25,eng ENG
535,Callum Wilson,19,FW,33,eng ENG
536,Harry Wilson,10,MF,28,wls WAL
537,Ben Winterburn,3,MF,20,eng ENG
538,Florian Wirtz,12,MF,22,de GER
539,Yoane Wissa,15,FW,28,cd COD
540,Nick Woltemade,15,"FW,MF",23,de GER
541,Chris Wood,16,FW,33,nz NZL
542,Freddie Woodman,12,GK,28,eng ENG
543,Joe Worrall,6,DF,28,eng ENG
544,Granit Xhaka,17,MF,32,ch SUI
545,Yehor Yarmoliuk,4,MF,21,ua UKR
546,Ryan Yates,16,MF,27,eng ENG
547,Leny Yoro,14,DF,19,fr FRA
548,Oleksandr Zinchenko,16,DF,28,ua UKR
549,Joshua Zirkzee,14,"FW,MF",24,nl NED
550,Martín Zubimendi,1,MF,26,es ESP
551,Martin Ødegaard,1,MF,26,no NOR
