PlayerID,MatchesPlayed,Starts,MinutesPlayed,Nineties,Goals,Assists,GoalsAssists,NonPenaltyGoals,PenaltyGoals,PenaltyAttempts,YellowCards,RedCards
1,37,30,2449,27.2,4,5,9,4,0,0,3,0
2,1,0,17,0.2,0,0,0,0,0,0,0,0
3,3,2,164,1.8,0,0,0,0,0,0,0,0
4,12,2,286,3.2,2,0,2,2,0,0,0,0
5,17,8,666,7.4,1,0,1,1,0,0,1,0
6,25,21,1773,19.7,2,2,4,2,0,0,8,0
7,16,8,795,8.8,0,0,0,0,0,0,2,0
8,14,9,653,7.3,1,0,1,1,0,0,2,0
9,31,10,1093,12.1,3,1,4,3,0,0,2,0
10,14,12,1101,12.2,0,0,0,0,0,0,1,1
11,2,2,180,2.0,0,0,0,0,0,0,0,0
12,18,18,1588,17.6,0,0,0,0,0,0,3,0
13,17,12,974,10.8,0,2,2,0,0,0,2,0
14,27,20,1810,20.1,0,1,1,0,0,0,4,0
15,18,6,695,7.7,0,0,0,0,0,0,1,0
16,20,6,689,7.7,0,1,1,0,0,0,4,0
17,33,32,2798,31.1,1,1,2,1,0,0,6,0
18,26,26,2340,26.0,0,0,0,0,0,0,1,0
19,2,2,135,1.5,0,0,0,0,0,0,0,0
20,1,0,10,0.1,0,0,0,0,0,0,0,0
21,4,0,73,0.8,0,0,0,0,0,0,0,0
22,35,35,3119,34.7,1,1,2,1,0,0,10,0
23,33,33,2875,31.9,0,1,1,0,0,0,7,1
24,38,37,3331,37.0,4,4,8,3,1,1,8,0
25,35,30,2762,30.7,1,0,1,1,0,0,12,0
26,8,5,404,4.5,0,0,0,0,0,0,1,0
27,37,32,2722,30.2,8,2,10,8,0,0,4,0
28,20,20,1800,20.0,0,1,1,0,0,0,0,0
29,23,14,1124,12.5,1,0,1,1,0,0,1,0
30,14,14,1140,12.7,2,2,4,1,1,1,3,0
31,13,6,529,5.9,0,0,0,0,0,0,0,0
32,33,13,1419,15.8,3,1,4,3,0,1,1,0
33,1,1,90,1.0,0,0,0,0,0,0,0,0
34,17,3,494,5.5,4,1,5,4,0,0,2,0
35,29,20,1929,21.4,3,3,6,3,0,0,1,0
36,8,6,471,5.2,0,0,0,0,0,0,2,0
37,13,3,459,5.1,0,1,1,0,0,0,1,0
38,14,6,553,6.1,0,2,2,0,0,0,1,0
39,31,23,1652,18.4,0,0,0,0,0,0,5,0
40,29,24,2149,23.9,2,0,2,2,0,0,4,1
41,21,7,857,9.5,3,1,4,3,0,0,1,0
42,7,0,47,0.5,0,0,0,0,0,0,2,0
43,37,19,1966,21.8,7,1,8,7,0,0,1,0
44,38,21,1914,21.3,8,0,8,8,0,0,3,0
45,30,28,2534,28.2,1,0,1,1,0,0,5,0
46,6,6,540,6.0,0,0,0,0,0,0,0,0
47,26,15,1248,13.9,1,1,2,1,0,0,5,0
48,1,1,90,1.0,0,0,0,0,0,0,0,0
49,26,23,1883,20.9,1,1,2,1,0,0,7,0
50,3,3,270,3.0,0,0,0,0,0,0,0,0
51,35,34,2905,32.3,0,1,1,0,0,0,5,0
52,23,11,965,10.7,1,3,4,1,0,0,2,0
53,37,17,1568,17.4,9,1,10,9,0,0,3,0
54,25,21,1890,21.0,1,2,3,1,0,0,4,0
55,11,7,603,6.7,0,0,0,0,0,0,4,0
56,7,6,585,6.5,0,0,0,0,0,0,2,0
57,9,5,468,5.2,0,1,1,0,0,0,1,0
58,14,6,571,6.3,0,0,0,0,0,0,0,0
59,28,11,1053,11.7,0,0,0,0,0,0,5,0
60,34,32,2793,31.0,1,2,3,1,0,0,6,0
61,12,5,429,4.8,0,0,0,0,0,0,1,0
62,12,9,802,8.9,0,1,1,0,0,0,2,0
63,25,21,1835,20.4,1,1,2,1,0,0,2,0
64,38,38,3403,37.8,9,11,20,8,1,1,4,0
65,15,12,929,10.3,0,1,1,0,0,0,5,0
66,10,7,680,7.6,1,0,1,1,0,0,1,0
67,31,22,1927,21.4,7,1,8,7,0,0,6,0
68,24,8,860,9.6,1,1,2,1,0,0,0,0
69,31,13,1204,13.4,1,3,4,1,0,0,7,0
70,28,10,1030,11.4,0,1,1,0,0,0,0,0
71,36,21,1755,19.5,6,2,8,6,0,0,6,0
72,35,26,2366,26.3,1,2,3,1,0,0,3,0
73,29,28,2553,28.4,3,1,4,3,0,0,4,0
74,1,1,45,0.5,0,0,0,0,0,0,0,0
75,3,0,39,0.4,0,0,0,0,0,0,1,0
76,29,25,2199,24.4,1,2,3,1,0,0,11,1
77,1,0,17,0.2,0,0,0,0,0,0,0,0
78,1,0,1,0.0,0,0,0,0,0,0,0,0
79,2,0,9,0.1,0,0,0,0,0,0,0,0
80,33,32,2795,31.1,3,1,4,3,0,0,11,1
81,24,6,775,8.6,2,0,2,2,0,0,3,0
82,26,22,1699,18.9,1,2,3,1,0,0,5,0
83,35,30,2721,30.2,14,1,15,10,4,5,3,0
84,20,14,1336,14.8,0,0,0,0,0,0,3,0
85,1,1,90,1.0,0,0,0,0,0,0,0,0
86,6,1,102,1.1,1,0,1,1,0,0,0,0
87,34,33,2571,28.6,9,2,11,9,0,0,11,1
88,35,34,3014,33.5,3,3,6,3,0,0,9,0
89,30,20,1845,20.5,0,0,0,0,0,0,4,0
90,18,17,1384,15.4,6,0,6,6,0,0,6,0
91,34,31,2783,30.9,3,0,3,3,0,0,3,1
92,33,19,1786,19.8,4,12,16,4,0,0,1,0
93,26,1,339,3.8,2,1,3,2,0,0,3,0
94,2,0,27,0.3,0,0,0,0,0,0,0,0
95,26,9,993,11.0,2,0,2,2,0,0,3,1
96,23,10,1079,12.0,3,4,7,3,0,0,0,0
97,8,3,323,3.6,0,0,0,0,0,0,2,0
98,10,7,594,6.6,0,1,1,0,0,0,1,0
99,5,1,21,0.2,0,0,0,0,0,0,0,0
100,35,32,2975,33.1,1,2,3,1,0,0,7,0
101,3,2,225,2.5,0,0,0,0,0,0,0,0
102,18,8,874,9.7,0,1,1,0,0,0,1,1
103,5,2,194,2.2,0,0,0,0,0,0,2,0
104,34,31,2707,30.1,1,4,5,1,0,0,8,1
105,15,11,938,10.4,0,0,0,0,0,0,6,0
106,18,18,1514,16.8,2,2,4,2,0,0,2,0
107,9,6,517,5.7,0,0,0,0,0,0,0,0
108,33,29,2494,27.7,10,2,12,10,0,0,4,0
109,34,29,2614,29.0,1,3,4,1,0,0,5,0
110,33,24,2054,22.8,4,4,8,4,0,0,0,0
111,24,17,1494,16.6,0,0,0,0,0,0,8,0
112,22,22,1980,22.0,0,0,0,0,0,0,1,0
113,2,0,3,0.0,0,0,0,0,0,0,0,0
114,3,2,137,1.5,1,0,1,1,0,0,1,0
115,30,17,1415,15.7,2,3,5,2,0,0,2,0
116,28,12,1107,12.3,1,0,1,1,0,0,4,0
117,32,30,2763,30.7,0,2,2,0,0,0,2,0
118,1,1,44,0.5,0,0,0,0,0,0,0,0
119,21,7,796,8.8,1,0,1,0,1,1,0,0
120,31,30,2626,29.2,8,4,12,8,0,0,6,0
121,18,15,1277,14.2,0,0,0,0,0,0,1,0
122,32,27,2341,26.0,2,3,5,2,0,0,2,0
123,20,15,1405,15.6,2,2,4,1,1,1,6,0
124,26,24,2141,23.8,2,0,2,2,0,0,3,0
125,14,4,358,4.0,0,0,0,0,0,0,2,0
126,31,21,1852,20.6,0,6,6,0,0,0,3,0
127,13,8,816,9.1,1,0,1,1,0,0,2,0
128,32,30,2707,30.1,0,5,5,0,0,0,6,0
129,14,14,1254,13.9,0,0,0,0,0,0,1,0
130,11,11,787,8.7,0,0,0,0,0,0,4,0
131,30,19,1784,19.8,5,5,10,5,0,0,0,0
132,27,17,1175,13.1,1,1,2,1,0,0,3,0
133,34,34,3060,34.0,0,0,0,0,0,0,8,0
134,4,0,41,0.5,0,0,0,0,0,0,0,0
135,26,15,1449,16.1,4,4,8,4,0,0,5,0
136,6,1,157,1.7,1,0,1,1,0,0,0,0
137,10,5,517,5.7,0,0,0,0,0,0,0,0
138,2,0,9,0.1,0,0,0,0,0,0,0,0
139,35,35,3150,35.0,0,0,0,0,0,0,1,0
140,33,31,2838,31.5,1,0,1,1,0,0,10,0
141,1,0,9,0.1,0,0,0,0,0,0,0,0
142,1,0,3,0.0,0,0,0,0,0,0,0,0
143,3,0,14,0.2,1,0,1,1,0,0,0,0
144,3,0,49,0.5,0,0,0,0,0,0,0,0
145,23,11,1067,11.9,1,3,4,1,0,0,0,0
146,19,17,1539,17.1,0,0,0,0,0,0,0,0
147,28,21,1803,20.0,11,4,15,11,0,0,0,0
148,32,14,1319,14.7,0,1,1,0,0,0,0,0
149,3,3,270,3.0,0,0,0,0,0,0,0,0
150,1,0,1,0.0,0,0,0,0,0,0,0,0
151,4,1,112,1.2,0,0,0,0,0,0,0,0
152,8,1,175,1.9,0,1,1,0,0,0,1,0
153,4,0,44,0.5,0,0,0,0,0,0,0,0
154,3,0,30,0.3,0,0,0,0,0,0,2,0
155,34,34,2932,32.6,0,0,0,0,0,0,1,0
156,36,32,2742,30.5,6,1,7,6,0,0,2,0
157,1,1,83,0.9,0,0,0,0,0,0,0,0
158,32,21,1812,20.1,7,2,9,7,0,0,1,0
159,35,35,3063,34.0,9,21,30,5,4,6,5,0
160,36,35,3016,33.5,3,4,7,3,0,0,7,0
161,36,35,3115,34.6,10,4,14,8,2,2,10,0
162,29,21,1768,19.6,11,0,11,9,2,2,5,0
163,3,0,108,1.2,0,0,0,0,0,0,0,0
164,2,0,18,0.2,0,0,0,0,0,0,0,0
165,33,23,2086,23.2,7,5,12,7,0,0,4,0
166,25,20,1722,19.1,0,1,1,0,0,0,9,2
167,26,15,1371,15.2,3,2,5,3,0,0,4,0
168,1,0,3,0.0,0,0,0,0,0,0,0,0
169,21,12,1040,11.6,0,1,1,0,0,0,1,0
170,8,5,409,4.5,0,0,0,0,0,0,0,0
171,1,0,1,0.0,0,0,0,0,0,0,0,0
172,36,32,2737,30.4,7,5,12,7,0,0,3,0
173,16,14,1184,13.2,1,1,2,1,0,0,2,0
174,25,25,2093,23.3,2,3,5,2,0,0,1,1
175,8,0,113,1.3,0,1,1,0,0,0,0,0
176,6,1,86,1.0,0,0,0,0,0,0,0,0
177,24,14,1268,14.1,1,4,5,1,0,0,2,0
178,38,38,3413,37.9,2,7,9,2,0,0,12,0
179,28,17,1693,18.8,0,0,0,0,0,0,2,0
180,4,0,145,1.6,0,0,0,0,0,0,2,0
181,11,1,218,2.4,0,0,0,0,0,0,0,0
182,37,35,3097,34.4,15,4,19,14,1,1,1,0
183,16,5,495,5.5,0,2,2,0,0,0,0,0
184,23,4,537,6.0,0,1,1,0,0,0,3,0
185,12,7,461,5.1,0,0,0,0,0,0,1,0
186,35,32,2829,31.4,1,1,2,1,0,0,10,0
187,22,9,960,10.7,3,0,3,3,0,0,0,0
188,19,17,1424,15.8,0,0,0,0,0,0,2,1
189,32,26,2120,23.6,5,1,6,5,0,0,9,0
190,21,7,607,6.7,0,2,2,0,0,0,4,0
191,25,17,1569,17.4,1,0,1,1,0,0,6,0
192,26,24,1795,19.9,6,2,8,3,3,3,3,1
193,36,34,2992,33.2,5,3,8,5,0,0,5,0
194,24,18,1478,16.4,2,2,4,2,0,0,5,0
195,20,18,1627,18.1,2,6,8,2,0,0,5,1
196,19,18,1636,18.2,1,3,4,1,0,0,2,0
197,18,8,719,8.0,1,1,2,1,0,0,2,0
198,23,15,1323,14.7,0,3,3,0,0,0,3,0
199,32,31,2631,29.2,0,0,0,0,0,0,6,1
200,20,20,1800,20.0,2,2,4,2,0,0,4,0
201,15,15,1350,15.0,1,1,2,1,0,0,2,0
202,8,3,330,3.7,1,1,2,1,0,0,0,0
203,13,6,588,6.5,0,1,1,0,0,0,0,0
204,5,1,125,1.4,0,0,0,0,0,0,0,0
205,29,27,2453,27.3,9,5,14,7,2,2,6,0
206,2,0,15,0.2,0,0,0,0,0,0,0,0
207,8,1,257,2.9,0,1,1,0,0,0,1,0
208,1,0,45,0.5,0,0,0,0,0,0,0,0
209,34,26,2261,25.1,2,3,5,2,0,0,5,1
210,18,16,1372,15.2,2,2,4,2,0,0,2,0
211,36,26,2224,24.7,14,1,15,11,3,3,5,0
212,35,34,2953,32.8,27,8,35,24,3,4,2,0
213,30,24,2181,24.2,1,1,2,1,0,0,4,0
214,11,1,269,3.0,0,0,0,0,0,0,0,0
215,21,21,1825,20.3,0,5,5,0,0,0,1,0
216,22,12,1148,12.8,0,0,0,0,0,0,7,0
217,12,7,581,6.5,2,3,5,2,0,0,1,0
218,17,11,924,10.3,0,1,1,0,0,0,2,0
219,36,36,3210,35.7,3,3,6,3,0,0,9,0
220,26,18,1446,16.1,2,2,4,1,1,1,5,0
221,2,0,27,0.3,0,0,0,0,0,0,0,0
222,37,37,3330,37.0,0,0,0,0,0,0,5,0
223,32,22,1919,21.3,1,3,4,1,0,0,6,0
224,25,14,1328,14.8,0,1,1,0,0,0,2,0
225,18,18,1620,18.0,0,1,1,0,0,0,0,0
226,21,8,690,7.7,0,0,0,0,0,0,1,0
227,29,22,2106,23.4,0,3,3,0,0,0,5,0
228,25,20,1792,19.9,1,2,3,1,0,0,2,0
229,27,20,1741,19.3,4,3,7,4,0,0,0,0
230,8,6,425,4.7,0,0,0,0,0,0,0,0
231,3,1,94,1.0,0,0,0,0,0,0,0,0
232,30,21,1841,20.5,3,4,7,3,0,0,0,0
233,31,19,1571,17.5,0,0,0,0,0,0,7,0
234,38,34,3036,33.7,2,1,3,2,0,0,9,0
235,20,17,1578,17.5,0,0,0,0,0,0,6,0
236,31,17,1688,18.8,1,5,6,1,0,0,1,0
237,4,1,105,1.2,0,0,0,0,0,0,0,0
238,29,17,1487,16.5,0,2,2,0,0,0,9,0
239,7,2,158,1.8,0,0,0,0,0,0,0,0
240,14,8,699,7.8,3,1,4,3,0,0,0,0
241,32,11,1165,12.9,6,0,6,6,0,0,1,0
242,29,29,2419,26.9,4,3,7,4,0,0,3,0
243,19,6,559,6.2,0,0,0,0,0,0,0,0
244,29,20,1963,21.8,2,4,6,2,0,0,4,0
245,25,15,1444,16.0,1,4,5,1,0,0,8,0
246,36,26,2247,25.0,3,1,4,3,0,0,3,0
247,14,3,429,4.8,3,0,3,3,0,0,3,0
248,37,28,2298,25.5,6,4,10,5,1,1,2,0
249,31,26,2317,25.7,1,0,1,1,0,0,10,0
250,36,27,2189,24.3,9,3,12,5,4,4,5,0
251,1,0,9,0.1,0,0,0,0,0,0,0,0
252,35,31,2661,29.6,15,5,20,15,0,0,5,0
253,27,23,1951,21.7,2,1,3,2,0,0,10,0
254,5,5,437,4.9,0,0,0,0,0,0,1,0
255,16,6,610,6.8,2,0,2,2,0,0,2,0
256,18,13,1112,12.4,0,1,1,0,0,0,4,0
257,12,12,1080,12.0,0,0,0,0,0,0,0,0
258,34,18,1937,21.5,1,2,3,1,0,0,2,0
259,33,21,1672,18.6,13,0,13,11,2,2,5,0
260,1,0,17,0.2,0,1,1,0,0,0,0,0
261,29,21,1901,21.1,2,1,3,2,0,0,4,0
262,5,3,379,4.2,0,0,0,0,0,0,0,0
263,37,34,3133,34.8,1,0,1,1,0,0,6,0
264,1,0,15,0.2,0,0,0,0,0,0,0,0
265,9,0,96,1.1,0,0,0,0,0,0,0,0
266,28,22,1902,21.1,0,0,0,0,0,0,3,0
267,18,17,1411,15.7,1,3,4,1,0,0,5,0
268,11,0,75,0.8,0,0,0,0,0,0,2,0
269,37,37,3258,36.2,1,1,2,1,0,0,8,0
270,33,29,2591,28.8,3,1,4,3,0,0,1,1
271,37,37,3330,37.0,0,0,0,0,0,0,1,0
272,34,27,2257,25.1,2,1,3,2,0,0,4,0
273,26,9,1041,11.6,1,1,2,1,0,0,1,0
274,21,15,1432,15.9,0,0,0,0,0,0,2,0
275,21,17,1561,17.3,0,0,0,0,0,0,4,0
276,32,15,1308,14.5,1,2,3,1,0,0,4,0
277,7,7,630,7.0,0,0,0,0,0,0,1,0
278,20,10,952,10.6,2,0,2,2,0,0,5,0
279,1,0,1,0.0,0,0,0,0,0,0,0,0
280,30,21,1664,18.5,1,1,2,1,0,0,3,0
281,36,36,3090,34.3,1,0,1,1,0,0,7,0
282,34,34,3035,33.7,0,0,0,0,0,0,0,1
283,21,2,369,4.1,2,1,3,2,0,0,2,0
284,6,1,130,1.4,0,1,1,0,0,0,0,0
285,1,1,45,0.5,0,0,0,0,0,0,0,0
286,28,27,2356,26.2,2,1,3,2,0,0,5,1
287,19,19,1535,17.1,2,5,7,2,0,0,3,0
288,7,0,55,0.6,0,0,0,0,0,0,1,0
289,3,0,43,0.5,0,0,0,0,0,0,0,0
290,35,35,3085,34.3,1,2,3,1,0,0,4,1
291,32,32,2880,32.0,0,0,0,0,0,0,0,0
292,2,0,21,0.2,0,0,0,0,0,0,0,0
293,33,18,1764,19.6,1,0,1,1,0,0,7,1
294,12,4,382,4.2,0,0,0,0,0,0,0,0
295,36,33,2930,32.6,5,6,11,2,3,4,5,0
296,38,38,3420,38.0,0,0,0,0,0,0,3,0
297,31,18,1733,19.3,0,2,2,0,0,0,7,0
298,11,4,407,4.5,0,1,1,0,0,0,2,0
299,36,22,1972,21.9,3,3,6,3,0,0,1,0
300,20,5,709,7.9,0,0,0,0,0,0,3,0
301,13,13,1170,13.0,1,0,1,1,0,0,0,0
302,9,3,260,2.9,0,0,0,0,0,0,0,0
303,17,11,948,10.5,0,1,1,0,0,0,0,0
304,17,14,1328,14.8,0,1,1,0,0,0,1,0
305,23,10,1011,11.2,2,2,4,2,0,0,2,0
306,9,2,235,2.6,0,1,1,0,0,0,1,0
307,20,15,1409,15.7,0,0,0,0,0,0,1,1
308,4,1,129,1.4,1,0,1,1,0,0,0,0
309,31,25,2105,23.4,0,2,2,0,0,0,6,0
310,13,7,604,6.7,1,0,1,1,0,0,1,0
311,8,5,315,3.5,0,0,0,0,0,0,2,0
312,26,20,1734,19.3,1,2,3,1,0,0,9,0
313,30,17,1605,17.8,0,1,1,0,0,0,2,0
314,37,31,2658,29.5,2,4,6,2,0,0,7,0
315,3,0,37,0.4,0,0,0,0,0,0,0,0
316,26,16,1211,13.5,3,1,4,3,0,0,0,0
317,32,30,2751,30.6,3,4,7,3,0,0,4,0
318,22,11,981,10.9,1,0,1,1,0,0,4,0
319,23,19,1653,18.4,1,2,3,1,0,0,3,1
320,28,16,1662,18.5,1,2,3,1,0,0,2,0
321,3,0,18,0.2,0,0,0,0,0,0,0,0
322,21,5,656,7.3,4,1,5,4,0,0,0,0
323,10,10,867,9.6,0,0,0,0,0,0,0,0
324,25,23,1966,21.8,0,1,1,0,0,0,7,1
325,27,19,1795,19.9,3,1,4,3,0,0,0,0
326,1,0,16,0.2,0,0,0,0,0,0,0,0
327,4,0,41,0.5,0,0,0,0,0,0,0,0
328,21,8,700,7.8,3,3,6,3,0,0,3,0
329,2,0,60,0.7,0,0,0,0,0,0,0,0
330,30,11,1081,12.0,1,4,5,1,0,0,3,0
331,32,32,2835,31.5,0,1,1,0,0,0,2,0
332,18,13,1233,13.7,0,0,0,0,0,0,0,1
333,3,2,126,1.4,0,0,0,0,0,0,1,0
334,26,13,1397,15.5,2,4,6,2,0,0,3,0
335,32,25,2218,24.6,12,0,12,8,4,4,2,0
336,31,27,2534,28.2,3,0,3,3,0,0,2,0
337,20,8,759,8.4,2,0,2,2,0,0,0,0
338,6,0,117,1.3,0,0,0,0,0,0,0,0
339,20,11,985,10.9,0,0,0,0,0,0,3,0
340,33,31,2609,29.0,11,3,14,11,0,0,4,0
341,14,2,298,3.3,0,1,1,0,0,0,1,0
342,30,28,2137,23.7,5,4,9,5,0,0,5,0
343,22,14,1168,13.0,0,1,1,0,0,0,1,0
344,27,15,1229,13.7,1,4,5,1,0,0,10,0
345,22,10,1036,11.5,4,3,7,4,0,0,1,0
346,1,0,2,0.0,0,0,0,0,0,0,0,0
347,1,1,45,0.5,0,0,0,0,0,0,0,0
348,38,37,3375,37.5,0,0,0,0,0,0,6,0
349,23,15,1496,16.6,1,4,5,1,0,0,0,0
350,20,7,784,8.7,1,1,2,0,1,1,2,0
351,7,4,368,4.1,0,0,0,0,0,0,0,0
352,17,15,1324,14.7,0,0,0,0,0,0,1,0
353,34,26,2391,26.6,3,4,7,3,0,0,3,0
354,38,36,3251,36.1,1,2,3,1,0,0,6,0
355,25,19,1721,19.1,3,1,4,3,0,0,5,0
356,21,14,1345,14.9,1,0,1,1,0,0,5,0
357,20,9,994,11.0,0,0,0,0,0,0,4,0
358,27,24,2136,23.7,0,0,0,0,0,0,12,0
359,23,12,1017,11.3,3,0,3,3,0,0,2,0
360,2,0,27,0.3,0,0,0,0,0,0,0,0
361,32,32,2784,30.9,3,3,6,3,0,0,5,0
362,14,2,411,4.6,0,0,0,0,0,0,1,0
363,13,9,875,9.7,1,1,2,1,0,0,2,0
364,21,10,1000,11.1,1,1,2,1,0,0,2,0
365,29,29,2399,26.7,4,3,7,4,0,0,7,0
366,25,25,2130,23.7,1,0,1,1,0,0,5,0
367,2,0,9,0.1,0,0,0,0,0,0,0,0
368,33,19,1617,18.0,3,2,5,3,0,0,2,0
369,33,33,2958,32.9,0,1,1,0,0,0,6,0
370,22,11,1049,11.7,0,2,2,0,0,0,1,0
371,32,32,2778,30.9,6,3,9,4,2,2,2,0
372,24,14,1173,13.0,1,1,2,1,0,0,1,0
373,1,0,14,0.2,0,0,0,0,0,0,0,0
374,3,0,14,0.2,0,0,0,0,0,0,0,0
375,10,0,126,1.4,0,1,1,0,0,0,0,0
376,34,30,2631,29.2,5,6,11,5,0,0,4,1
377,7,3,357,4.0,0,0,0,0,0,0,0,0
378,19,5,560,6.2,2,1,3,2,0,0,0,0
379,12,2,424,4.7,2,0,2,2,0,0,2,0
380,31,10,1083,12.0,6,1,7,4,2,3,0,0
381,34,32,2862,31.8,1,5,6,1,0,0,5,0
382,6,0,171,1.9,0,0,0,0,0,0,0,0
383,6,0,24,0.3,0,0,0,0,0,0,0,0
384,7,1,106,1.2,0,0,0,0,0,0,0,0
385,37,35,3120,34.7,1,1,2,1,0,0,6,1
386,12,5,569,6.3,0,1,1,0,0,0,1,1
387,6,2,204,2.3,1,0,1,0,1,1,0,0
388,24,10,985,10.9,0,2,2,0,0,0,0,0
389,28,19,1561,17.3,8,1,9,8,0,0,3,0
390,1,0,15,0.2,0,0,0,0,0,0,0,0
391,25,21,1758,19.5,2,0,2,2,0,0,3,0
392,6,0,92,1.0,0,1,1,0,0,0,0,0
393,1,0,1,0.0,0,0,0,0,0,0,0,0
394,3,3,270,3.0,0,0,0,0,0,0,0,0
395,24,8,819,9.1,7,0,7,7,0,0,0,0
396,32,25,2276,25.3,7,3,10,7,0,0,5,0
397,34,29,2646,29.4,5,3,8,5,0,0,5,0
398,14,10,823,9.1,0,1,1,0,0,0,0,0
399,33,23,2199,24.4,5,2,7,5,0,0,8,0
400,26,24,1955,21.7,10,1,11,5,5,6,5,0
401,18,18,1511,16.8,4,1,5,2,2,2,7,1
402,7,3,241,2.7,0,0,0,0,0,0,0,0
403,1,0,1,0.0,0,0,0,0,0,0,0,0
404,16,16,1440,16.0,0,0,0,0,0,0,2,0
405,38,38,3420,38.0,0,0,0,0,0,0,3,0
406,38,38,3420,38.0,0,0,0,0,0,0,4,0
407,4,4,318,3.5,0,0,0,0,0,0,1,0
408,34,26,2080,23.1,2,2,4,2,0,0,4,0
409,16,2,258,2.9,0,0,0,0,0,0,0,0
410,27,27,2416,26.8,0,0,0,0,0,0,2,0
411,34,32,2796,31.1,1,2,3,1,0,0,10,0
412,22,12,1171,13.0,0,1,1,0,0,0,1,0
413,12,11,1004,11.2,0,0,0,0,0,0,2,0
414,28,15,1450,16.1,2,3,5,2,0,0,5,1
415,37,37,3330,37.0,0,0,0,0,0,0,1,0
416,15,13,1111,12.3,5,2,7,5,0,0,1,0
417,7,1,94,1.0,1,0,1,1,0,0,0,0
418,28,19,1631,18.1,5,2,7,5,0,0,2,0
419,9,6,552,6.1,0,1,1,0,0,0,2,0
420,36,35,3094,34.4,4,5,9,4,0,0,3,0
421,33,31,2827,31.4,1,0,1,1,0,0,4,0
422,32,20,1964,21.8,11,4,15,11,0,0,5,0
423,18,11,761,8.5,1,1,2,1,0,0,1,0
424,1,0,28,0.3,0,0,0,0,0,0,0,0
425,24,11,1176,13.1,1,0,1,1,0,0,0,0
426,22,17,1492,16.6,1,0,1,0,1,1,5,0
427,1,0,4,0.0,0,0,0,0,0,0,0,0
428,35,33,2951,32.8,2,0,2,2,0,0,3,0
429,21,17,1511,16.8,1,0,1,1,0,0,3,0
430,6,2,180,2.0,0,0,0,0,0,0,1,0
431,35,35,3150,35.0,0,0,0,0,0,0,4,0
432,37,37,3280,36.4,10,6,16,10,0,0,7,0
433,16,6,682,7.6,1,0,1,1,0,0,0,0
434,23,22,1868,20.8,4,1,5,4,0,0,11,2
435,1,0,1,0.0,0,0,0,0,0,0,0,0
436,32,20,1786,19.8,3,3,6,3,0,0,2,0
437,23,23,2070,23.0,0,0,0,0,0,0,2,0
438,33,33,2889,32.1,0,1,1,0,0,0,9,0
439,31,25,2222,24.7,7,5,12,6,1,1,2,0
440,27,23,2146,23.8,7,7,14,6,1,1,1,0
441,31,30,2614,29.0,1,0,1,1,0,0,2,0
442,35,35,3039,33.8,0,1,1,0,0,0,3,1
443,23,9,876,9.7,0,2,2,0,0,0,0,0
444,28,25,2075,23.1,2,2,4,2,0,0,5,0
445,27,13,1260,14.0,1,0,1,1,0,0,4,0
446,28,24,2174,24.2,9,1,10,6,3,3,2,0
447,3,1,102,1.1,0,0,0,0,0,0,0,0
448,24,7,833,9.3,1,1,2,1,0,0,2,0
449,14,11,1028,11.4,2,0,2,2,0,0,2,0
450,13,9,659,7.3,0,0,0,0,0,0,2,0
451,2,0,9,0.1,0,0,0,0,0,0,0,0
452,35,32,2745,30.5,8,3,11,8,0,1,6,1
453,16,11,1091,12.1,0,0,0,0,0,0,1,0
454,37,34,2849,31.7,3,1,4,3,0,0,5,0
455,2,1,134,1.5,0,0,0,0,0,0,0,0
456,31,30,2668,29.6,0,0,0,0,0,0,2,0
457,17,17,1397,15.5,7,1,8,7,0,0,1,0
458,20,20,1798,20.0,10,3,13,9,1,2,6,0
459,37,37,3288,36.5,0,5,5,0,0,0,8,0
460,30,17,1643,18.3,11,1,12,11,0,0,2,0
461,27,20,1823,20.3,3,1,4,3,0,0,0,0
462,38,38,3219,35.8,1,1,2,1,0,0,9,0
463,38,34,2872,31.9,2,4,6,2,0,0,10,0
464,1,0,12,0.1,0,0,0,0,0,0,0,0
465,28,19,1755,19.5,2,5,7,2,0,0,5,1
466,22,14,1077,12.0,0,2,2,0,0,0,3,0
467,37,22,1923,21.4,3,0,3,3,0,0,1,0
468,15,11,1001,11.1,3,0,3,3,0,0,1,0
469,3,0,35,0.4,0,0,0,0,0,0,0,0
470,7,1,169,1.9,1,0,1,1,0,0,0,0
471,7,0,101,1.1,0,0,0,0,0,0,1,0
472,35,24,2200,24.4,5,0,5,5,0,0,3,1
473,4,2,144,1.6,0,0,0,0,0,0,1,0
474,30,23,2055,22.8,0,0,0,0,0,0,4,0
475,29,28,2370,26.3,5,3,8,5,0,0,3,0
476,9,5,439,4.9,0,0,0,0,0,0,0,0
477,22,14,1404,15.6,1,1,2,0,1,2,2,0
478,14,12,903,10.0,3,0,3,3,0,0,2,0
479,34,33,2936,32.6,0,1,1,0,0,0,5,0
480,31,29,2470,27.4,5,2,7,5,0,0,6,0
481,36,36,3231,35.9,6,7,13,6,0,1,8,1
482,1,1,38,0.4,0,0,0,0,0,0,0,0
483,28,16,1561,17.3,4,1,5,4,0,0,0,0
484,28,14,1315,14.6,2,0,2,2,0,0,1,0
485,37,37,3330,37.0,2,3,5,2,0,0,8,0
486,34,31,2732,30.4,7,4,11,5,2,2,6,0
487,29,14,1272,14.1,2,1,3,2,0,0,2,0
488,31,19,1845,20.5,0,1,1,0,0,0,3,0
489,31,13,1349,15.0,4,1,5,4,0,0,1,0
490,22,21,1791,19.9,1,0,1,1,0,0,2,0
491,38,37,3282,36.5,22,1,23,14,8,9,7,0
492,35,33,2965,32.9,4,0,4,4,0,0,4,0
493,25,21,1862,20.7,0,4,4,0,0,0,0,0
494,30,28,2454,27.3,3,5,8,3,0,0,5,0
495,23,22,1814,20.2,0,1,1,0,0,0,5,1
496,35,31,2534,28.2,0,2,2,0,0,0,4,0
497,21,18,1676,18.6,0,0,0,0,0,0,1,0
498,9,2,140,1.6,0,0,0,0,0,0,1,0
499,4,4,360,4.0,0,0,0,0,0,0,0,0
500,15,1,274,3.0,0,0,0,0,0,0,0,0
501,9,0,121,1.3,0,0,0,0,0,0,1,0
502,12,9,632,7.0,1,0,1,1,0,0,1,0
503,6,0,43,0.5,0,0,0,0,0,0,0,0
504,21,18,1586,17.6,0,1,1,0,0,0,3,0
505,31,21,2000,22.2,6,6,12,6,0,0,2,0
506,38,38,3379,37.5,1,5,6,1,0,0,5,0
507,14,14,1201,13.3,1,0,1,1,0,0,1,0
508,9,1,139,1.5,1,1,2,1,0,0,0,0
509,14,0,173,1.9,0,0,0,0,0,0,0,0
510,20,14,1339,14.9,0,1,1,0,0,0,4,0
511,22,8,887,9.9,0,0,0,0,0,0,1,0
512,35,27,2336,26.0,3,1,4,3,0,0,3,1
513,23,0,232,2.6,1,0,1,1,0,0,1,0
514,1,1,90,1.0,0,0,0,0,0,0,0,0
515,38,38,3420,38.0,6,0,6,6,0,0,4,0
516,24,9,1057,11.7,1,0,1,1,0,0,5,0
517,35,35,3041,33.8,4,1,5,4,0,0,9,1
518,38,38,3420,38.0,0,0,0,0,0,0,3,0
519,31,31,2790,31.0,0,0,0,0,0,0,1,0
520,36,35,3096,34.4,0,2,2,0,0,0,9,0
521,23,15,1383,15.4,1,0,1,1,0,0,2,0
522,25,23,2081,23.1,0,2,2,0,0,0,4,0
523,5,5,413,4.6,0,0,0,0,0,0,0,0
524,13,7,684,7.6,0,1,1,0,0,0,1,0
525,37,33,2839,31.5,16,3,19,16,0,0,4,0
526,6,0,62,0.7,0,0,0,0,0,0,1,0
527,3,3,270,3.0,0,0,0,0,0,0,0,0
528,37,26,2258,25.1,13,1,14,12,1,3,5,0
529,34,29,2552,28.4,1,5,6,1,0,0,6,1
530,12,9,702,7.8,0,1,1,0,0,0,0,0
531,26,23,1903,21.1,2,3,5,2,0,0,8,0
532,37,36,3204,35.6,2,3,5,2,0,0,6,1
533,22,12,848,9.4,2,2,4,2,0,0,4,0
534,24,10,983,10.9,0,2,2,0,0,0,3,0
535,32,11,1251,13.9,7,1,8,7,0,0,1,0
536,36,32,2673,29.7,10,7,17,10,0,0,7,0
537,1,0,7,0.1,0,0,0,0,0,0,0,0
538,33,27,2378,26.4,5,3,8,5,0,0,1,0
539,19,4,531,5.9,1,0,1,1,0,0,3,0
540,33,24,1902,21.1,8,3,11,7,1,1,0,0
541,15,11,901,10.0,3,0,3,3,0,0,0,0
542,3,2,213,2.4,0,0,0,0,0,0,0,0
543,11,5,500,5.6,0,0,0,0,0,0,0,0
544,34,32,2904,32.3,1,6,7,1,0,0,8,0
545,37,30,2659,29.5,1,2,3,1,0,0,7,0
546,22,2,617,6.9,0,2,2,0,0,0,3,0
547,32,18,1740,19.3,0,0,0,0,0,0,1,0
548,5,4,353,3.9,0,0,0,0,0,0,0,0
549,24,5,626,7.0,2,1,3,2,0,0,3,0
550,38,34,2992,33.2,5,1,6,5,0,0,4,0
551,24,16,1369,15.2,1,6,7,1,0,0,0,0
